Slot,StrongSeed,WeakSeed,Winner,StrongSeed_avg_10_DecisionTreeClassifier,WeakSeed_avg_10_DecisionTreeClassifier,Winner_avg_10_DecisionTreeClassifier,StrongSeed_avg_10_GaussianNB,WeakSeed_avg_10_GaussianNB,Winner_avg_10_GaussianNB,StrongSeed_avg_10_LogisticRegression,WeakSeed_avg_10_LogisticRegression,Winner_avg_10_LogisticRegression,StrongSeed_avg_10_MLPClassifier,WeakSeed_avg_10_MLPClassifier,Winner_avg_10_MLPClassifier,StrongSeed_avg_10_RandomForestClassifier,WeakSeed_avg_10_RandomForestClassifier,Winner_avg_10_RandomForestClassifier,StrongSeed_avg_10_XGBClassifier,WeakSeed_avg_10_XGBClassifier,Winner_avg_10_XGBClassifier,StrongSeed_avg_DecisionTreeClassifier,WeakSeed_avg_DecisionTreeClassifier,Winner_avg_DecisionTreeClassifier,StrongSeed_avg_GaussianNB,WeakSeed_avg_GaussianNB,Winner_avg_GaussianNB,StrongSeed_avg_LogisticRegression,WeakSeed_avg_LogisticRegression,Winner_avg_LogisticRegression,StrongSeed_avg_MLPClassifier,WeakSeed_avg_MLPClassifier,Winner_avg_MLPClassifier,StrongSeed_avg_RandomForestClassifier,WeakSeed_avg_RandomForestClassifier,Winner_avg_RandomForestClassifier,StrongSeed_avg_rating_DecisionTreeClassifier,WeakSeed_avg_rating_DecisionTreeClassifier,Winner_avg_rating_DecisionTreeClassifier,StrongSeed_avg_rating_GaussianNB,WeakSeed_avg_rating_GaussianNB,Winner_avg_rating_GaussianNB,StrongSeed_avg_rating_LogisticRegression,WeakSeed_avg_rating_LogisticRegression,Winner_avg_rating_LogisticRegression,StrongSeed_avg_rating_MLPClassifier,WeakSeed_avg_rating_MLPClassifier,Winner_avg_rating_MLPClassifier,StrongSeed_avg_rating_RandomForestClassifier,WeakSeed_avg_rating_RandomForestClassifier,Winner_avg_rating_RandomForestClassifier,StrongSeed_avg_rating_XGBClassifier,WeakSeed_avg_rating_XGBClassifier,Winner_avg_rating_XGBClassifier,StrongSeed_avg_XGBClassifier,WeakSeed_avg_XGBClassifier,Winner_avg_XGBClassifier,StrongSeed_rating_rol10_DecisionTreeClassifier,WeakSeed_rating_rol10_DecisionTreeClassifier,Winner_rating_rol10_DecisionTreeClassifier,StrongSeed_rating_rol10_GaussianNB,WeakSeed_rating_rol10_GaussianNB,Winner_rating_rol10_GaussianNB,StrongSeed_rating_rol10_LogisticRegression,WeakSeed_rating_rol10_LogisticRegression,Winner_rating_rol10_LogisticRegression,StrongSeed_rating_rol10_MLPClassifier,WeakSeed_rating_rol10_MLPClassifier,Winner_rating_rol10_MLPClassifier,StrongSeed_rating_rol10_RandomForestClassifier,WeakSeed_rating_rol10_RandomForestClassifier,Winner_rating_rol10_RandomForestClassifier,StrongSeed_rating_rol10_XGBClassifier,WeakSeed_rating_rol10_XGBClassifier,Winner_rating_rol10_XGBClassifier
R1W1,Connecticut,Stetson,Connecticut,Connecticut,Stetson,Connecticut,Connecticut,Stetson,Connecticut,Connecticut,Stetson,Connecticut,Connecticut,Stetson,Connecticut,Connecticut,Stetson,Connecticut,Connecticut,Stetson,Connecticut,Connecticut,Stetson,Connecticut,Connecticut,Stetson,Connecticut,Connecticut,Stetson,Connecticut,Connecticut,Stetson,Connecticut,Connecticut,Stetson,Connecticut,Connecticut,Stetson,Connecticut,Connecticut,Stetson,Connecticut,Connecticut,Stetson,Connecticut,Connecticut,Stetson,Connecticut,Connecticut,Stetson,Connecticut,Connecticut,Stetson,Connecticut,Connecticut,Stetson,Connecticut,Connecticut,Stetson,Connecticut,Connecticut,Stetson,Connecticut,Connecticut,Stetson,Connecticut,Connecticut,Stetson,Connecticut,Connecticut,Stetson,Connecticut,Connecticut,Stetson,Connecticut
R1W2,Iowa St,S Dakota St,Iowa St,Iowa St,S Dakota St,S Dakota St,Iowa St,S Dakota St,S Dakota St,Iowa St,S Dakota St,Iowa St,Iowa St,S Dakota St,Iowa St,Iowa St,S Dakota St,S Dakota St,Iowa St,S Dakota St,S Dakota St,Iowa St,S Dakota St,S Dakota St,Iowa St,S Dakota St,S Dakota St,Iowa St,S Dakota St,Iowa St,Iowa St,S Dakota St,Iowa St,Iowa St,S Dakota St,S Dakota St,Iowa St,S Dakota St,S Dakota St,Iowa St,S Dakota St,S Dakota St,Iowa St,S Dakota St,Iowa St,Iowa St,S Dakota St,Iowa St,Iowa St,S Dakota St,S Dakota St,Iowa St,S Dakota St,Iowa St,Iowa St,S Dakota St,Iowa St,Iowa St,S Dakota St,S Dakota St,Iowa St,S Dakota St,S Dakota St,Iowa St,S Dakota St,Iowa St,Iowa St,S Dakota St,Iowa St,Iowa St,S Dakota St,S Dakota St,Iowa St,S Dakota St,S Dakota St
R1W3,Illinois,Morehead St,Illinois,Illinois,Morehead St,Illinois,Illinois,Morehead St,Morehead St,Illinois,Morehead St,Illinois,Illinois,Morehead St,Illinois,Illinois,Morehead St,Morehead St,Illinois,Morehead St,Illinois,Illinois,Morehead St,Morehead St,Illinois,Morehead St,Morehead St,Illinois,Morehead St,Illinois,Illinois,Morehead St,Illinois,Illinois,Morehead St,Illinois,Illinois,Morehead St,Morehead St,Illinois,Morehead St,Morehead St,Illinois,Morehead St,Illinois,Illinois,Morehead St,Illinois,Illinois,Morehead St,Illinois,Illinois,Morehead St,Illinois,Illinois,Morehead St,Illinois,Illinois,Morehead St,Illinois,Illinois,Morehead St,Morehead St,Illinois,Morehead St,Illinois,Illinois,Morehead St,Illinois,Illinois,Morehead St,Morehead St,Illinois,Morehead St,Illinois
R1W4,Auburn,Yale,Auburn,Auburn,Yale,Yale,Auburn,Yale,Yale,Auburn,Yale,Auburn,Auburn,Yale,Auburn,Auburn,Yale,Yale,Auburn,Yale,Yale,Auburn,Yale,Auburn,Auburn,Yale,Auburn,Auburn,Yale,Auburn,Auburn,Yale,Auburn,Auburn,Yale,Auburn,Auburn,Yale,Auburn,Auburn,Yale,Auburn,Auburn,Yale,Auburn,Auburn,Yale,Auburn,Auburn,Yale,Auburn,Auburn,Yale,Auburn,Auburn,Yale,Auburn,Auburn,Yale,Yale,Auburn,Yale,Yale,Auburn,Yale,Auburn,Auburn,Yale,Auburn,Auburn,Yale,Yale,Auburn,Yale,Yale
R1W5,San Diego St,UAB,San Diego St,San Diego St,UAB,San Diego St,San Diego St,UAB,San Diego St,San Diego St,UAB,San Diego St,San Diego St,UAB,San Diego St,San Diego St,UAB,San Diego St,San Diego St,UAB,San Diego St,San Diego St,UAB,UAB,San Diego St,UAB,San Diego St,San Diego St,UAB,San Diego St,San Diego St,UAB,San Diego St,San Diego St,UAB,San Diego St,San Diego St,UAB,UAB,San Diego St,UAB,San Diego St,San Diego St,UAB,San Diego St,San Diego St,UAB,San Diego St,San Diego St,UAB,San Diego St,San Diego St,UAB,San Diego St,San Diego St,UAB,San Diego St,San Diego St,UAB,San Diego St,San Diego St,UAB,San Diego St,San Diego St,UAB,San Diego St,San Diego St,UAB,San Diego St,San Diego St,UAB,San Diego St,San Diego St,UAB,San Diego St
R1W6,BYU,Duquesne,BYU,BYU,Duquesne,BYU,BYU,Duquesne,BYU,BYU,Duquesne,BYU,BYU,Duquesne,BYU,BYU,Duquesne,BYU,BYU,Duquesne,BYU,BYU,Duquesne,Duquesne,BYU,Duquesne,BYU,BYU,Duquesne,BYU,BYU,Duquesne,BYU,BYU,Duquesne,BYU,BYU,Duquesne,Duquesne,BYU,Duquesne,BYU,BYU,Duquesne,BYU,BYU,Duquesne,BYU,BYU,Duquesne,BYU,BYU,Duquesne,BYU,BYU,Duquesne,BYU,BYU,Duquesne,BYU,BYU,Duquesne,BYU,BYU,Duquesne,BYU,BYU,Duquesne,BYU,BYU,Duquesne,BYU,BYU,Duquesne,BYU
R1W7,Washington St,Drake,Washington St,Washington St,Drake,Washington St,Washington St,Drake,Washington St,Washington St,Drake,Washington St,Washington St,Drake,Washington St,Washington St,Drake,Washington St,Washington St,Drake,Washington St,Washington St,Drake,Drake,Washington St,Drake,Drake,Washington St,Drake,Washington St,Washington St,Drake,Washington St,Washington St,Drake,Drake,Washington St,Drake,Drake,Washington St,Drake,Drake,Washington St,Drake,Washington St,Washington St,Drake,Washington St,Washington St,Drake,Drake,Washington St,Drake,Drake,Washington St,Drake,Drake,Washington St,Drake,Washington St,Washington St,Drake,Washington St,Washington St,Drake,Washington St,Washington St,Drake,Washington St,Washington St,Drake,Washington St,Washington St,Drake,Washington St
R1W8,FL Atlantic,Northwestern,FL Atlantic,FL Atlantic,Northwestern,FL Atlantic,FL Atlantic,Northwestern,FL Atlantic,FL Atlantic,Northwestern,FL Atlantic,FL Atlantic,Northwestern,FL Atlantic,FL Atlantic,Northwestern,FL Atlantic,FL Atlantic,Northwestern,FL Atlantic,FL Atlantic,Northwestern,Northwestern,FL Atlantic,Northwestern,FL Atlantic,FL Atlantic,Northwestern,FL Atlantic,FL Atlantic,Northwestern,Northwestern,FL Atlantic,Northwestern,FL Atlantic,FL Atlantic,Northwestern,Northwestern,FL Atlantic,Northwestern,FL Atlantic,FL Atlantic,Northwestern,FL Atlantic,FL Atlantic,Northwestern,Northwestern,FL Atlantic,Northwestern,FL Atlantic,FL Atlantic,Northwestern,FL Atlantic,FL Atlantic,Northwestern,FL Atlantic,FL Atlantic,Northwestern,FL Atlantic,FL Atlantic,Northwestern,FL Atlantic,FL Atlantic,Northwestern,FL Atlantic,FL Atlantic,Northwestern,FL Atlantic,FL Atlantic,Northwestern,FL Atlantic,FL Atlantic,Northwestern,FL Atlantic
R1X1,North Carolina,Howard,North Carolina,North Carolina,Howard,North Carolina,North Carolina,Howard,North Carolina,North Carolina,Howard,North Carolina,North Carolina,Howard,North Carolina,North Carolina,Howard,North Carolina,North Carolina,Howard,North Carolina,North Carolina,Howard,North Carolina,North Carolina,Howard,North Carolina,North Carolina,Howard,North Carolina,North Carolina,Howard,North Carolina,North Carolina,Howard,North Carolina,North Carolina,Howard,North Carolina,North Carolina,Howard,North Carolina,North Carolina,Howard,North Carolina,North Carolina,Howard,North Carolina,North Carolina,Howard,North Carolina,North Carolina,Howard,North Carolina,North Carolina,Howard,North Carolina,North Carolina,Howard,North Carolina,North Carolina,Howard,North Carolina,North Carolina,Howard,North Carolina,North Carolina,Howard,North Carolina,North Carolina,Howard,North Carolina,North Carolina,Howard,North Carolina
R1X2,Arizona,Long Beach St,Long Beach St,Arizona,Long Beach St,Arizona,Arizona,Long Beach St,Long Beach St,Arizona,Long Beach St,Long Beach St,Arizona,Long Beach St,Long Beach St,Arizona,Long Beach St,Long Beach St,Arizona,Long Beach St,Long Beach St,Arizona,Long Beach St,Arizona,Arizona,Long Beach St,Arizona,Arizona,Long Beach St,Arizona,Arizona,Long Beach St,Arizona,Arizona,Long Beach St,Arizona,Arizona,Long Beach St,Arizona,Arizona,Long Beach St,Arizona,Arizona,Long Beach St,Arizona,Arizona,Long Beach St,Arizona,Arizona,Long Beach St,Arizona,Arizona,Long Beach St,Arizona,Arizona,Long Beach St,Arizona,Arizona,Long Beach St,Arizona,Arizona,Long Beach St,Long Beach St,Arizona,Long Beach St,Long Beach St,Arizona,Long Beach St,Long Beach St,Arizona,Long Beach St,Long Beach St,Arizona,Long Beach St,Long Beach St
R1X3,Baylor,Colgate,Colgate,Baylor,Colgate,Baylor,Baylor,Colgate,Colgate,Baylor,Colgate,Colgate,Baylor,Colgate,Colgate,Baylor,Colgate,Colgate,Baylor,Colgate,Colgate,Baylor,Colgate,Baylor,Baylor,Colgate,Colgate,Baylor,Colgate,Baylor,Baylor,Colgate,Baylor,Baylor,Colgate,Colgate,Baylor,Colgate,Baylor,Baylor,Colgate,Colgate,Baylor,Colgate,Baylor,Baylor,Colgate,Baylor,Baylor,Colgate,Colgate,Baylor,Colgate,Colgate,Baylor,Colgate,Colgate,Baylor,Colgate,Baylor,Baylor,Colgate,Colgate,Baylor,Colgate,Colgate,Baylor,Colgate,Colgate,Baylor,Colgate,Colgate,Baylor,Colgate,Colgate
R1X4,Alabama,Col Charleston,Col Charleston,Alabama,Col Charleston,Col Charleston,Alabama,Col Charleston,Col Charleston,Alabama,Col Charleston,Col Charleston,Alabama,Col Charleston,Col Charleston,Alabama,Col Charleston,Col Charleston,Alabama,Col Charleston,Col Charleston,Alabama,Col Charleston,Col Charleston,Alabama,Col Charleston,Alabama,Alabama,Col Charleston,Alabama,Alabama,Col Charleston,Alabama,Alabama,Col Charleston,Col Charleston,Alabama,Col Charleston,Col Charleston,Alabama,Col Charleston,Alabama,Alabama,Col Charleston,Alabama,Alabama,Col Charleston,Alabama,Alabama,Col Charleston,Col Charleston,Alabama,Col Charleston,Alabama,Alabama,Col Charleston,Alabama,Alabama,Col Charleston,Col Charleston,Alabama,Col Charleston,Col Charleston,Alabama,Col Charleston,Col Charleston,Alabama,Col Charleston,Col Charleston,Alabama,Col Charleston,Col Charleston,Alabama,Col Charleston,Col Charleston
R1X5,St Mary's CA,Grand Canyon,St Mary's CA,St Mary's CA,Grand Canyon,St Mary's CA,St Mary's CA,Grand Canyon,St Mary's CA,St Mary's CA,Grand Canyon,St Mary's CA,St Mary's CA,Grand Canyon,St Mary's CA,St Mary's CA,Grand Canyon,St Mary's CA,St Mary's CA,Grand Canyon,St Mary's CA,St Mary's CA,Grand Canyon,Grand Canyon,St Mary's CA,Grand Canyon,Grand Canyon,St Mary's CA,Grand Canyon,Grand Canyon,St Mary's CA,Grand Canyon,St Mary's CA,St Mary's CA,Grand Canyon,Grand Canyon,St Mary's CA,Grand Canyon,Grand Canyon,St Mary's CA,Grand Canyon,Grand Canyon,St Mary's CA,Grand Canyon,Grand Canyon,St Mary's CA,Grand Canyon,St Mary's CA,St Mary's CA,Grand Canyon,Grand Canyon,St Mary's CA,Grand Canyon,Grand Canyon,St Mary's CA,Grand Canyon,Grand Canyon,St Mary's CA,Grand Canyon,St Mary's CA,St Mary's CA,Grand Canyon,St Mary's CA,St Mary's CA,Grand Canyon,St Mary's CA,St Mary's CA,Grand Canyon,St Mary's CA,St Mary's CA,Grand Canyon,St Mary's CA,St Mary's CA,Grand Canyon,St Mary's CA
R1X6,Clemson,New Mexico,New Mexico,Clemson,New Mexico,New Mexico,Clemson,New Mexico,New Mexico,Clemson,New Mexico,New Mexico,Clemson,New Mexico,New Mexico,Clemson,New Mexico,New Mexico,Clemson,New Mexico,New Mexico,Clemson,New Mexico,Clemson,Clemson,New Mexico,New Mexico,Clemson,New Mexico,New Mexico,Clemson,New Mexico,New Mexico,Clemson,New Mexico,New Mexico,Clemson,New Mexico,Clemson,Clemson,New Mexico,New Mexico,Clemson,New Mexico,New Mexico,Clemson,New Mexico,New Mexico,Clemson,New Mexico,New Mexico,Clemson,New Mexico,New Mexico,Clemson,New Mexico,New Mexico,Clemson,New Mexico,New Mexico,Clemson,New Mexico,New Mexico,Clemson,New Mexico,New Mexico,Clemson,New Mexico,New Mexico,Clemson,New Mexico,New Mexico,Clemson,New Mexico,New Mexico
R1X7,Dayton,Nevada,Nevada,Dayton,Nevada,Dayton,Dayton,Nevada,Nevada,Dayton,Nevada,Nevada,Dayton,Nevada,Nevada,Dayton,Nevada,Nevada,Dayton,Nevada,Nevada,Dayton,Nevada,Nevada,Dayton,Nevada,Nevada,Dayton,Nevada,Nevada,Dayton,Nevada,Nevada,Dayton,Nevada,Nevada,Dayton,Nevada,Nevada,Dayton,Nevada,Nevada,Dayton,Nevada,Nevada,Dayton,Nevada,Nevada,Dayton,Nevada,Nevada,Dayton,Nevada,Nevada,Dayton,Nevada,Nevada,Dayton,Nevada,Dayton,Dayton,Nevada,Nevada,Dayton,Nevada,Nevada,Dayton,Nevada,Nevada,Dayton,Nevada,Nevada,Dayton,Nevada,Nevada
R1X8,Mississippi St,Michigan St,Mississippi St,Mississippi St,Michigan St,Mississippi St,Mississippi St,Michigan St,Mississippi St,Mississippi St,Michigan St,Mississippi St,Mississippi St,Michigan St,Mississippi St,Mississippi St,Michigan St,Michigan St,Mississippi St,Michigan St,Mississippi St,Mississippi St,Michigan St,Mississippi St,Mississippi St,Michigan St,Michigan St,Mississippi St,Michigan St,Michigan St,Mississippi St,Michigan St,Michigan St,Mississippi St,Michigan St,Michigan St,Mississippi St,Michigan St,Mississippi St,Mississippi St,Michigan St,Michigan St,Mississippi St,Michigan St,Michigan St,Mississippi St,Michigan St,Michigan St,Mississippi St,Michigan St,Michigan St,Mississippi St,Michigan St,Michigan St,Mississippi St,Michigan St,Michigan St,Mississippi St,Michigan St,Mississippi St,Mississippi St,Michigan St,Mississippi St,Mississippi St,Michigan St,Mississippi St,Mississippi St,Michigan St,Mississippi St,Mississippi St,Michigan St,Michigan St,Mississippi St,Michigan St,Mississippi St
R1Y1,Purdue,Grambling,Purdue,Purdue,Montana St,Montana St,Purdue,Grambling,Purdue,Purdue,Grambling,Purdue,Purdue,Grambling,Purdue,Purdue,Grambling,Purdue,Purdue,Montana St,Purdue,Purdue,Grambling,Purdue,Purdue,Montana St,Purdue,Purdue,Grambling,Purdue,Purdue,Montana St,Purdue,Purdue,Montana St,Purdue,Purdue,Grambling,Purdue,Purdue,Montana St,Purdue,Purdue,Grambling,Purdue,Purdue,Montana St,Purdue,Purdue,Montana St,Purdue,Purdue,Montana St,Purdue,Purdue,Montana St,Purdue,Purdue,Montana St,Montana St,Purdue,Grambling,Purdue,Purdue,Grambling,Purdue,Purdue,Grambling,Purdue,Purdue,Grambling,Purdue,Purdue,Montana St,Purdue
R1Y2,Tennessee,St Peter's,Tennessee,Tennessee,St Peter's,Tennessee,Tennessee,St Peter's,Tennessee,Tennessee,St Peter's,Tennessee,Tennessee,St Peter's,Tennessee,Tennessee,St Peter's,Tennessee,Tennessee,St Peter's,Tennessee,Tennessee,St Peter's,Tennessee,Tennessee,St Peter's,Tennessee,Tennessee,St Peter's,St Peter's,Tennessee,St Peter's,Tennessee,Tennessee,St Peter's,Tennessee,Tennessee,St Peter's,Tennessee,Tennessee,St Peter's,Tennessee,Tennessee,St Peter's,St Peter's,Tennessee,St Peter's,Tennessee,Tennessee,St Peter's,Tennessee,Tennessee,St Peter's,Tennessee,Tennessee,St Peter's,Tennessee,Tennessee,St Peter's,Tennessee,Tennessee,St Peter's,Tennessee,Tennessee,St Peter's,Tennessee,Tennessee,St Peter's,Tennessee,Tennessee,St Peter's,Tennessee,Tennessee,St Peter's,Tennessee
R1Y3,Creighton,Akron,Akron,Creighton,Akron,Creighton,Creighton,Akron,Akron,Creighton,Akron,Akron,Creighton,Akron,Akron,Creighton,Akron,Creighton,Creighton,Akron,Akron,Creighton,Akron,Akron,Creighton,Akron,Akron,Creighton,Akron,Akron,Creighton,Akron,Akron,Creighton,Akron,Creighton,Creighton,Akron,Akron,Creighton,Akron,Akron,Creighton,Akron,Akron,Creighton,Akron,Akron,Creighton,Akron,Creighton,Creighton,Akron,Akron,Creighton,Akron,Akron,Creighton,Akron,Creighton,Creighton,Akron,Akron,Creighton,Akron,Akron,Creighton,Akron,Akron,Creighton,Akron,Creighton,Creighton,Akron,Akron
R1Y4,Kansas,Samford,Samford,Kansas,Samford,Samford,Kansas,Samford,Samford,Kansas,Samford,Samford,Kansas,Samford,Samford,Kansas,Samford,Samford,Kansas,Samford,Samford,Kansas,Samford,Samford,Kansas,Samford,Kansas,Kansas,Samford,Samford,Kansas,Samford,Samford,Kansas,Samford,Samford,Kansas,Samford,Samford,Kansas,Samford,Kansas,Kansas,Samford,Samford,Kansas,Samford,Samford,Kansas,Samford,Samford,Kansas,Samford,Samford,Kansas,Samford,Samford,Kansas,Samford,Samford,Kansas,Samford,Samford,Kansas,Samford,Samford,Kansas,Samford,Samford,Kansas,Samford,Samford,Kansas,Samford,Samford
R1Y5,Gonzaga,McNeese St,McNeese St,Gonzaga,McNeese St,McNeese St,Gonzaga,McNeese St,McNeese St,Gonzaga,McNeese St,McNeese St,Gonzaga,McNeese St,McNeese St,Gonzaga,McNeese St,McNeese St,Gonzaga,McNeese St,McNeese St,Gonzaga,McNeese St,McNeese St,Gonzaga,McNeese St,McNeese St,Gonzaga,McNeese St,McNeese St,Gonzaga,McNeese St,McNeese St,Gonzaga,McNeese St,McNeese St,Gonzaga,McNeese St,McNeese St,Gonzaga,McNeese St,McNeese St,Gonzaga,McNeese St,McNeese St,Gonzaga,McNeese St,McNeese St,Gonzaga,McNeese St,McNeese St,Gonzaga,McNeese St,McNeese St,Gonzaga,McNeese St,McNeese St,Gonzaga,McNeese St,McNeese St,Gonzaga,McNeese St,McNeese St,Gonzaga,McNeese St,McNeese St,Gonzaga,McNeese St,McNeese St,Gonzaga,McNeese St,McNeese St,Gonzaga,McNeese St,McNeese St
R1Y6,South Carolina,Oregon,South Carolina,South Carolina,Oregon,Oregon,South Carolina,Oregon,South Carolina,South Carolina,Oregon,South Carolina,South Carolina,Oregon,South Carolina,South Carolina,Oregon,South Carolina,South Carolina,Oregon,South Carolina,South Carolina,Oregon,Oregon,South Carolina,Oregon,Oregon,South Carolina,Oregon,South Carolina,South Carolina,Oregon,South Carolina,South Carolina,Oregon,Oregon,South Carolina,Oregon,Oregon,South Carolina,Oregon,Oregon,South Carolina,Oregon,South Carolina,South Carolina,Oregon,South Carolina,South Carolina,Oregon,Oregon,South Carolina,Oregon,South Carolina,South Carolina,Oregon,South Carolina,South Carolina,Oregon,Oregon,South Carolina,Oregon,South Carolina,South Carolina,Oregon,South Carolina,South Carolina,Oregon,South Carolina,South Carolina,Oregon,South Carolina,South Carolina,Oregon,South Carolina
R1Y7,Texas,Virginia,Texas,Texas,Colorado St,Colorado St,Texas,Virginia,Texas,Texas,Virginia,Texas,Texas,Virginia,Texas,Texas,Virginia,Texas,Texas,Virginia,Virginia,Texas,Virginia,Virginia,Texas,Virginia,Virginia,Texas,Virginia,Virginia,Texas,Virginia,Virginia,Texas,Virginia,Virginia,Texas,Virginia,Virginia,Texas,Virginia,Virginia,Texas,Virginia,Virginia,Texas,Virginia,Virginia,Texas,Virginia,Virginia,Texas,Virginia,Virginia,Texas,Virginia,Virginia,Texas,Colorado St,Colorado St,Texas,Virginia,Texas,Texas,Virginia,Texas,Texas,Virginia,Texas,Texas,Virginia,Texas,Texas,Virginia,Virginia
R1Y8,Utah St,TCU,TCU,Utah St,TCU,TCU,Utah St,TCU,Utah St,Utah St,TCU,TCU,Utah St,TCU,TCU,Utah St,TCU,TCU,Utah St,TCU,TCU,Utah St,TCU,TCU,Utah St,TCU,TCU,Utah St,TCU,TCU,Utah St,TCU,TCU,Utah St,TCU,TCU,Utah St,TCU,TCU,Utah St,TCU,TCU,Utah St,TCU,TCU,Utah St,TCU,TCU,Utah St,TCU,TCU,Utah St,TCU,TCU,Utah St,TCU,TCU,Utah St,TCU,TCU,Utah St,TCU,Utah St,Utah St,TCU,TCU,Utah St,TCU,TCU,Utah St,TCU,TCU,Utah St,TCU,TCU
R1Z1,Houston,Longwood,Houston,Houston,Longwood,Houston,Houston,Longwood,Longwood,Houston,Longwood,Houston,Houston,Longwood,Houston,Houston,Longwood,Houston,Houston,Longwood,Houston,Houston,Longwood,Longwood,Houston,Longwood,Longwood,Houston,Longwood,Houston,Houston,Longwood,Houston,Houston,Longwood,Houston,Houston,Longwood,Longwood,Houston,Longwood,Longwood,Houston,Longwood,Houston,Houston,Longwood,Houston,Houston,Longwood,Houston,Houston,Longwood,Houston,Houston,Longwood,Houston,Houston,Longwood,Houston,Houston,Longwood,Longwood,Houston,Longwood,Houston,Houston,Longwood,Houston,Houston,Longwood,Houston,Houston,Longwood,Houston
R1Z2,Marquette,WKU,WKU,Marquette,WKU,WKU,Marquette,WKU,WKU,Marquette,WKU,WKU,Marquette,WKU,WKU,Marquette,WKU,WKU,Marquette,WKU,WKU,Marquette,WKU,WKU,Marquette,WKU,WKU,Marquette,WKU,WKU,Marquette,WKU,WKU,Marquette,WKU,WKU,Marquette,WKU,WKU,Marquette,WKU,WKU,Marquette,WKU,WKU,Marquette,WKU,WKU,Marquette,WKU,WKU,Marquette,WKU,WKU,Marquette,WKU,WKU,Marquette,WKU,WKU,Marquette,WKU,WKU,Marquette,WKU,WKU,Marquette,WKU,WKU,Marquette,WKU,WKU,Marquette,WKU,WKU
R1Z3,Kentucky,Oakland,Oakland,Kentucky,Oakland,Oakland,Kentucky,Oakland,Oakland,Kentucky,Oakland,Oakland,Kentucky,Oakland,Oakland,Kentucky,Oakland,Oakland,Kentucky,Oakland,Oakland,Kentucky,Oakland,Oakland,Kentucky,Oakland,Kentucky,Kentucky,Oakland,Oakland,Kentucky,Oakland,Oakland,Kentucky,Oakland,Oakland,Kentucky,Oakland,Oakland,Kentucky,Oakland,Kentucky,Kentucky,Oakland,Oakland,Kentucky,Oakland,Oakland,Kentucky,Oakland,Oakland,Kentucky,Oakland,Oakland,Kentucky,Oakland,Oakland,Kentucky,Oakland,Oakland,Kentucky,Oakland,Oakland,Kentucky,Oakland,Oakland,Kentucky,Oakland,Oakland,Kentucky,Oakland,Oakland,Kentucky,Oakland,Oakland
R1Z4,Duke,Vermont,Vermont,Duke,Vermont,Vermont,Duke,Vermont,Vermont,Duke,Vermont,Vermont,Duke,Vermont,Vermont,Duke,Vermont,Vermont,Duke,Vermont,Vermont,Duke,Vermont,Duke,Duke,Vermont,Vermont,Duke,Vermont,Vermont,Duke,Vermont,Vermont,Duke,Vermont,Vermont,Duke,Vermont,Duke,Duke,Vermont,Vermont,Duke,Vermont,Vermont,Duke,Vermont,Vermont,Duke,Vermont,Vermont,Duke,Vermont,Vermont,Duke,Vermont,Vermont,Duke,Vermont,Vermont,Duke,Vermont,Vermont,Duke,Vermont,Vermont,Duke,Vermont,Vermont,Duke,Vermont,Vermont,Duke,Vermont,Vermont
R1Z5,Wisconsin,James Madison,James Madison,Wisconsin,James Madison,James Madison,Wisconsin,James Madison,James Madison,Wisconsin,James Madison,James Madison,Wisconsin,James Madison,James Madison,Wisconsin,James Madison,James Madison,Wisconsin,James Madison,James Madison,Wisconsin,James Madison,James Madison,Wisconsin,James Madison,James Madison,Wisconsin,James Madison,James Madison,Wisconsin,James Madison,James Madison,Wisconsin,James Madison,James Madison,Wisconsin,James Madison,James Madison,Wisconsin,James Madison,James Madison,Wisconsin,James Madison,James Madison,Wisconsin,James Madison,James Madison,Wisconsin,James Madison,James Madison,Wisconsin,James Madison,James Madison,Wisconsin,James Madison,James Madison,Wisconsin,James Madison,James Madison,Wisconsin,James Madison,James Madison,Wisconsin,James Madison,James Madison,Wisconsin,James Madison,James Madison,Wisconsin,James Madison,James Madison,Wisconsin,James Madison,James Madison
R1Z6,Texas Tech,NC State,Texas Tech,Texas Tech,NC State,Texas Tech,Texas Tech,NC State,Texas Tech,Texas Tech,NC State,Texas Tech,Texas Tech,NC State,Texas Tech,Texas Tech,NC State,Texas Tech,Texas Tech,NC State,Texas Tech,Texas Tech,NC State,NC State,Texas Tech,NC State,NC State,Texas Tech,NC State,Texas Tech,Texas Tech,NC State,NC State,Texas Tech,NC State,NC State,Texas Tech,NC State,NC State,Texas Tech,NC State,NC State,Texas Tech,NC State,Texas Tech,Texas Tech,NC State,NC State,Texas Tech,NC State,NC State,Texas Tech,NC State,NC State,Texas Tech,NC State,NC State,Texas Tech,NC State,Texas Tech,Texas Tech,NC State,Texas Tech,Texas Tech,NC State,Texas Tech,Texas Tech,NC State,Texas Tech,Texas Tech,NC State,Texas Tech,Texas Tech,NC State,Texas Tech
R1Z7,Florida,Colorado,Colorado,Florida,Colorado,Florida,Florida,Colorado,Florida,Florida,Colorado,Colorado,Florida,Colorado,Colorado,Florida,Colorado,Colorado,Florida,Boise St,Boise St,Florida,Colorado,Colorado,Florida,Colorado,Florida,Florida,Boise St,Florida,Florida,Boise St,Florida,Florida,Colorado,Colorado,Florida,Colorado,Colorado,Florida,Colorado,Florida,Florida,Boise St,Florida,Florida,Boise St,Florida,Florida,Colorado,Colorado,Florida,Colorado,Florida,Florida,Colorado,Florida,Florida,Colorado,Florida,Florida,Colorado,Florida,Florida,Colorado,Colorado,Florida,Colorado,Colorado,Florida,Colorado,Colorado,Florida,Boise St,Boise St
R1Z8,Nebraska,Texas A&M,Nebraska,Nebraska,Texas A&M,Texas A&M,Nebraska,Texas A&M,Nebraska,Nebraska,Texas A&M,Nebraska,Nebraska,Texas A&M,Nebraska,Nebraska,Texas A&M,Nebraska,Nebraska,Texas A&M,Texas A&M,Nebraska,Texas A&M,Nebraska,Nebraska,Texas A&M,Texas A&M,Nebraska,Texas A&M,Texas A&M,Nebraska,Texas A&M,Texas A&M,Nebraska,Texas A&M,Texas A&M,Nebraska,Texas A&M,Nebraska,Nebraska,Texas A&M,Texas A&M,Nebraska,Texas A&M,Texas A&M,Nebraska,Texas A&M,Texas A&M,Nebraska,Texas A&M,Texas A&M,Nebraska,Texas A&M,Texas A&M,Nebraska,Texas A&M,Texas A&M,Nebraska,Texas A&M,Texas A&M,Nebraska,Texas A&M,Nebraska,Nebraska,Texas A&M,Nebraska,Nebraska,Texas A&M,Nebraska,Nebraska,Texas A&M,Nebraska,Nebraska,Texas A&M,Texas A&M
R2W1,Connecticut,FL Atlantic,FL Atlantic,Connecticut,FL Atlantic,Connecticut,Connecticut,FL Atlantic,Connecticut,Connecticut,FL Atlantic,FL Atlantic,Connecticut,FL Atlantic,FL Atlantic,Connecticut,FL Atlantic,FL Atlantic,Connecticut,FL Atlantic,FL Atlantic,Connecticut,Northwestern,Connecticut,Connecticut,FL Atlantic,Connecticut,Connecticut,FL Atlantic,Connecticut,Connecticut,Northwestern,Connecticut,Connecticut,FL Atlantic,FL Atlantic,Connecticut,Northwestern,Connecticut,Connecticut,FL Atlantic,Connecticut,Connecticut,FL Atlantic,Connecticut,Connecticut,Northwestern,Connecticut,Connecticut,FL Atlantic,FL Atlantic,Connecticut,FL Atlantic,FL Atlantic,Connecticut,FL Atlantic,FL Atlantic,Connecticut,FL Atlantic,Connecticut,Connecticut,FL Atlantic,Connecticut,Connecticut,FL Atlantic,FL Atlantic,Connecticut,FL Atlantic,FL Atlantic,Connecticut,FL Atlantic,FL Atlantic,Connecticut,FL Atlantic,FL Atlantic
R2W2,Iowa St,Washington St,Iowa St,S Dakota St,Washington St,S Dakota St,S Dakota St,Washington St,Washington St,Iowa St,Washington St,Iowa St,Iowa St,Washington St,Iowa St,S Dakota St,Washington St,S Dakota St,S Dakota St,Washington St,S Dakota St,S Dakota St,Drake,Drake,S Dakota St,Drake,Drake,Iowa St,Washington St,Washington St,Iowa St,Washington St,Iowa St,S Dakota St,Drake,Drake,S Dakota St,Drake,Drake,S Dakota St,Drake,Drake,Iowa St,Washington St,Washington St,Iowa St,Washington St,Iowa St,S Dakota St,Drake,Drake,Iowa St,Drake,Drake,Iowa St,Drake,Drake,S Dakota St,Washington St,S Dakota St,S Dakota St,Washington St,Washington St,Iowa St,Washington St,Iowa St,Iowa St,Washington St,Iowa St,S Dakota St,Washington St,S Dakota St,S Dakota St,Washington St,S Dakota St
R2W3,Illinois,BYU,Illinois,Illinois,BYU,Illinois,Morehead St,BYU,Morehead St,Illinois,BYU,Illinois,Illinois,BYU,Illinois,Morehead St,BYU,Morehead St,Illinois,BYU,Illinois,Morehead St,Duquesne,Morehead St,Morehead St,BYU,BYU,Illinois,BYU,Illinois,Illinois,BYU,Illinois,Illinois,BYU,BYU,Morehead St,Duquesne,Morehead St,Morehead St,BYU,BYU,Illinois,BYU,Illinois,Illinois,BYU,Illinois,Illinois,BYU,BYU,Illinois,BYU,Illinois,Illinois,BYU,Illinois,Illinois,BYU,Illinois,Morehead St,BYU,Morehead St,Illinois,BYU,Illinois,Illinois,BYU,Illinois,Morehead St,BYU,Morehead St,Illinois,BYU,Illinois
R2W4,Auburn,San Diego St,Auburn,Yale,San Diego St,San Diego St,Yale,San Diego St,San Diego St,Auburn,San Diego St,Auburn,Auburn,San Diego St,San Diego St,Yale,San Diego St,San Diego St,Yale,San Diego St,San Diego St,Auburn,UAB,Auburn,Auburn,San Diego St,Auburn,Auburn,San Diego St,Auburn,Auburn,San Diego St,Auburn,Auburn,San Diego St,Auburn,Auburn,UAB,Auburn,Auburn,San Diego St,Auburn,Auburn,San Diego St,Auburn,Auburn,San Diego St,Auburn,Auburn,San Diego St,Auburn,Auburn,San Diego St,Auburn,Auburn,San Diego St,Auburn,Yale,San Diego St,San Diego St,Yale,San Diego St,San Diego St,Auburn,San Diego St,Auburn,Auburn,San Diego St,San Diego St,Yale,San Diego St,San Diego St,Yale,San Diego St,San Diego St
R2X1,North Carolina,Mississippi St,North Carolina,North Carolina,Mississippi St,North Carolina,North Carolina,Mississippi St,North Carolina,North Carolina,Mississippi St,North Carolina,North Carolina,Mississippi St,North Carolina,North Carolina,Michigan St,North Carolina,North Carolina,Mississippi St,North Carolina,North Carolina,Mississippi St,North Carolina,North Carolina,Michigan St,Michigan St,North Carolina,Michigan St,North Carolina,North Carolina,Michigan St,North Carolina,North Carolina,Michigan St,Michigan St,North Carolina,Mississippi St,North Carolina,North Carolina,Michigan St,Michigan St,North Carolina,Michigan St,North Carolina,North Carolina,Michigan St,North Carolina,North Carolina,Michigan St,Michigan St,North Carolina,Michigan St,North Carolina,North Carolina,Michigan St,North Carolina,North Carolina,Mississippi St,North Carolina,North Carolina,Mississippi St,North Carolina,North Carolina,Mississippi St,North Carolina,North Carolina,Mississippi St,North Carolina,North Carolina,Michigan St,North Carolina,North Carolina,Mississippi St,North Carolina
R2X2,Long Beach St,Nevada,Nevada,Arizona,Dayton,Arizona,Long Beach St,Nevada,Nevada,Long Beach St,Nevada,Nevada,Long Beach St,Nevada,Nevada,Long Beach St,Nevada,Nevada,Long Beach St,Nevada,Nevada,Arizona,Nevada,Arizona,Arizona,Nevada,Arizona,Arizona,Nevada,Nevada,Arizona,Nevada,Arizona,Arizona,Nevada,Arizona,Arizona,Nevada,Arizona,Arizona,Nevada,Arizona,Arizona,Nevada,Nevada,Arizona,Nevada,Arizona,Arizona,Nevada,Arizona,Arizona,Nevada,Arizona,Arizona,Nevada,Arizona,Arizona,Dayton,Arizona,Long Beach St,Nevada,Nevada,Long Beach St,Nevada,Nevada,Long Beach St,Nevada,Nevada,Long Beach St,Nevada,Nevada,Long Beach St,Nevada,Nevada
R2X3,Colgate,New Mexico,New Mexico,Baylor,New Mexico,New Mexico,Colgate,New Mexico,New Mexico,Colgate,New Mexico,New Mexico,Colgate,New Mexico,New Mexico,Colgate,New Mexico,New Mexico,Colgate,New Mexico,New Mexico,Baylor,Clemson,Clemson,Colgate,New Mexico,New Mexico,Baylor,New Mexico,Baylor,Baylor,New Mexico,Baylor,Colgate,New Mexico,New Mexico,Baylor,Clemson,Clemson,Colgate,New Mexico,New Mexico,Baylor,New Mexico,Baylor,Baylor,New Mexico,Baylor,Colgate,New Mexico,New Mexico,Colgate,New Mexico,New Mexico,Colgate,New Mexico,New Mexico,Baylor,New Mexico,New Mexico,Colgate,New Mexico,New Mexico,Colgate,New Mexico,New Mexico,Colgate,New Mexico,New Mexico,Colgate,New Mexico,New Mexico,Colgate,New Mexico,New Mexico
R2X4,Col Charleston,St Mary's CA,St Mary's CA,Col Charleston,St Mary's CA,St Mary's CA,Col Charleston,St Mary's CA,St Mary's CA,Col Charleston,St Mary's CA,St Mary's CA,Col Charleston,St Mary's CA,St Mary's CA,Col Charleston,St Mary's CA,St Mary's CA,Col Charleston,St Mary's CA,St Mary's CA,Col Charleston,Grand Canyon,Grand Canyon,Alabama,Grand Canyon,Grand Canyon,Alabama,Grand Canyon,Alabama,Alabama,St Mary's CA,St Mary's CA,Col Charleston,Grand Canyon,Col Charleston,Col Charleston,Grand Canyon,Grand Canyon,Alabama,Grand Canyon,Grand Canyon,Alabama,Grand Canyon,Alabama,Alabama,St Mary's CA,St Mary's CA,Col Charleston,Grand Canyon,Col Charleston,Alabama,Grand Canyon,Alabama,Alabama,Grand Canyon,Alabama,Col Charleston,St Mary's CA,St Mary's CA,Col Charleston,St Mary's CA,St Mary's CA,Col Charleston,St Mary's CA,St Mary's CA,Col Charleston,St Mary's CA,St Mary's CA,Col Charleston,St Mary's CA,St Mary's CA,Col Charleston,St Mary's CA,St Mary's CA
R2Y1,Purdue,TCU,Purdue,Montana St,TCU,Montana St,Purdue,Utah St,Purdue,Purdue,TCU,Purdue,Purdue,TCU,Purdue,Purdue,TCU,Purdue,Purdue,TCU,Purdue,Purdue,TCU,TCU,Purdue,TCU,Purdue,Purdue,TCU,TCU,Purdue,TCU,TCU,Purdue,TCU,Purdue,Purdue,TCU,TCU,Purdue,TCU,Purdue,Purdue,TCU,TCU,Purdue,TCU,TCU,Purdue,TCU,Purdue,Purdue,TCU,Purdue,Purdue,TCU,Purdue,Montana St,TCU,Montana St,Purdue,Utah St,Purdue,Purdue,TCU,Purdue,Purdue,TCU,Purdue,Purdue,TCU,Purdue,Purdue,TCU,Purdue
R2Y2,Tennessee,Texas,Tennessee,Tennessee,Colorado St,Tennessee,Tennessee,Texas,Tennessee,Tennessee,Texas,Tennessee,Tennessee,Texas,Tennessee,Tennessee,Texas,Tennessee,Tennessee,Virginia,Virginia,Tennessee,Virginia,Virginia,Tennessee,Virginia,Tennessee,St Peter's,Virginia,St Peter's,Tennessee,Virginia,Virginia,Tennessee,Virginia,Virginia,Tennessee,Virginia,Virginia,Tennessee,Virginia,Tennessee,St Peter's,Virginia,St Peter's,Tennessee,Virginia,Virginia,Tennessee,Virginia,Virginia,Tennessee,Virginia,Virginia,Tennessee,Virginia,Virginia,Tennessee,Colorado St,Tennessee,Tennessee,Texas,Tennessee,Tennessee,Texas,Tennessee,Tennessee,Texas,Tennessee,Tennessee,Texas,Tennessee,Tennessee,Virginia,Virginia
R2Y3,Akron,South Carolina,Akron,Creighton,Oregon,Oregon,Akron,South Carolina,Akron,Akron,South Carolina,Akron,Akron,South Carolina,Akron,Creighton,South Carolina,South Carolina,Akron,South Carolina,Akron,Akron,Oregon,Oregon,Akron,Oregon,Akron,Akron,South Carolina,South Carolina,Akron,South Carolina,Akron,Creighton,Oregon,Creighton,Akron,Oregon,Oregon,Akron,Oregon,Akron,Akron,South Carolina,South Carolina,Akron,South Carolina,Akron,Creighton,Oregon,Creighton,Akron,South Carolina,South Carolina,Akron,South Carolina,South Carolina,Creighton,Oregon,Oregon,Akron,South Carolina,Akron,Akron,South Carolina,Akron,Akron,South Carolina,Akron,Creighton,South Carolina,South Carolina,Akron,South Carolina,Akron
R2Y4,Samford,McNeese St,McNeese St,Samford,McNeese St,McNeese St,Samford,McNeese St,McNeese St,Samford,McNeese St,McNeese St,Samford,McNeese St,McNeese St,Samford,McNeese St,McNeese St,Samford,McNeese St,McNeese St,Samford,McNeese St,McNeese St,Kansas,McNeese St,McNeese St,Samford,McNeese St,McNeese St,Samford,McNeese St,McNeese St,Samford,McNeese St,McNeese St,Samford,McNeese St,McNeese St,Kansas,McNeese St,McNeese St,Samford,McNeese St,McNeese St,Samford,McNeese St,McNeese St,Samford,McNeese St,McNeese St,Samford,McNeese St,McNeese St,Samford,McNeese St,McNeese St,Samford,McNeese St,McNeese St,Samford,McNeese St,McNeese St,Samford,McNeese St,McNeese St,Samford,McNeese St,McNeese St,Samford,McNeese St,McNeese St,Samford,McNeese St,McNeese St
R2Z1,Houston,Nebraska,Houston,Houston,Texas A&M,Houston,Longwood,Nebraska,Longwood,Houston,Nebraska,Houston,Houston,Nebraska,Houston,Houston,Nebraska,Houston,Houston,Texas A&M,Houston,Longwood,Nebraska,Longwood,Longwood,Texas A&M,Longwood,Houston,Texas A&M,Houston,Houston,Texas A&M,Houston,Houston,Texas A&M,Houston,Longwood,Nebraska,Longwood,Longwood,Texas A&M,Longwood,Houston,Texas A&M,Houston,Houston,Texas A&M,Houston,Houston,Texas A&M,Houston,Houston,Texas A&M,Houston,Houston,Texas A&M,Houston,Houston,Texas A&M,Houston,Longwood,Nebraska,Longwood,Houston,Nebraska,Houston,Houston,Nebraska,Houston,Houston,Nebraska,Houston,Houston,Texas A&M,Houston
R2Z2,WKU,Colorado,Colorado,WKU,Florida,Florida,WKU,Florida,Florida,WKU,Colorado,Colorado,WKU,Colorado,Colorado,WKU,Colorado,Colorado,WKU,Boise St,Boise St,WKU,Colorado,Colorado,WKU,Florida,Florida,WKU,Florida,Florida,WKU,Florida,Florida,WKU,Colorado,Colorado,WKU,Colorado,Colorado,WKU,Florida,Florida,WKU,Florida,Florida,WKU,Florida,Florida,WKU,Colorado,Colorado,WKU,Florida,WKU,WKU,Florida,WKU,WKU,Florida,Florida,WKU,Florida,Florida,WKU,Colorado,Colorado,WKU,Colorado,Colorado,WKU,Colorado,Colorado,WKU,Boise St,Boise St
R2Z3,Oakland,Texas Tech,Oakland,Oakland,Texas Tech,Oakland,Oakland,Texas Tech,Oakland,Oakland,Texas Tech,Oakland,Oakland,Texas Tech,Oakland,Oakland,Texas Tech,Oakland,Oakland,Texas Tech,Oakland,Oakland,NC State,Oakland,Kentucky,NC State,NC State,Oakland,Texas Tech,Texas Tech,Oakland,NC State,NC State,Oakland,NC State,Oakland,Oakland,NC State,Oakland,Kentucky,NC State,NC State,Oakland,Texas Tech,Texas Tech,Oakland,NC State,NC State,Oakland,NC State,Oakland,Oakland,NC State,Oakland,Oakland,NC State,Oakland,Oakland,Texas Tech,Oakland,Oakland,Texas Tech,Oakland,Oakland,Texas Tech,Oakland,Oakland,Texas Tech,Oakland,Oakland,Texas Tech,Oakland,Oakland,Texas Tech,Oakland
R2Z4,Vermont,James Madison,James Madison,Vermont,James Madison,James Madison,Vermont,James Madison,James Madison,Vermont,James Madison,James Madison,Vermont,James Madison,James Madison,Vermont,James Madison,James Madison,Vermont,James Madison,James Madison,Duke,James Madison,James Madison,Vermont,James Madison,James Madison,Vermont,James Madison,James Madison,Vermont,James Madison,James Madison,Vermont,James Madison,James Madison,Duke,James Madison,James Madison,Vermont,James Madison,James Madison,Vermont,James Madison,James Madison,Vermont,James Madison,James Madison,Vermont,James Madison,James Madison,Vermont,James Madison,James Madison,Vermont,James Madison,James Madison,Vermont,James Madison,James Madison,Vermont,James Madison,James Madison,Vermont,James Madison,James Madison,Vermont,James Madison,James Madison,Vermont,James Madison,James Madison,Vermont,James Madison,James Madison
R3W1,FL Atlantic,Auburn,FL Atlantic,Connecticut,San Diego St,San Diego St,Connecticut,San Diego St,Connecticut,FL Atlantic,Auburn,FL Atlantic,FL Atlantic,San Diego St,FL Atlantic,FL Atlantic,San Diego St,FL Atlantic,FL Atlantic,San Diego St,FL Atlantic,Connecticut,Auburn,Auburn,Connecticut,Auburn,Auburn,Connecticut,Auburn,Auburn,Connecticut,Auburn,Auburn,FL Atlantic,Auburn,Auburn,Connecticut,Auburn,Auburn,Connecticut,Auburn,Auburn,Connecticut,Auburn,Auburn,Connecticut,Auburn,Auburn,FL Atlantic,Auburn,Auburn,FL Atlantic,Auburn,Auburn,FL Atlantic,Auburn,Auburn,Connecticut,San Diego St,San Diego St,Connecticut,San Diego St,Connecticut,FL Atlantic,Auburn,FL Atlantic,FL Atlantic,San Diego St,FL Atlantic,FL Atlantic,San Diego St,FL Atlantic,FL Atlantic,San Diego St,FL Atlantic
R3W2,Iowa St,Illinois,Illinois,S Dakota St,Illinois,S Dakota St,Washington St,Morehead St,Washington St,Iowa St,Illinois,Illinois,Iowa St,Illinois,Illinois,S Dakota St,Morehead St,S Dakota St,S Dakota St,Illinois,S Dakota St,Drake,Morehead St,Drake,Drake,BYU,BYU,Washington St,Illinois,Washington St,Iowa St,Illinois,Illinois,Drake,BYU,BYU,Drake,Morehead St,Drake,Drake,BYU,BYU,Washington St,Illinois,Washington St,Iowa St,Illinois,Illinois,Drake,BYU,BYU,Drake,Illinois,Illinois,Drake,Illinois,Illinois,S Dakota St,Illinois,S Dakota St,Washington St,Morehead St,Washington St,Iowa St,Illinois,Illinois,Iowa St,Illinois,Illinois,S Dakota St,Morehead St,S Dakota St,S Dakota St,Illinois,S Dakota St
R3X1,North Carolina,St Mary's CA,St Mary's CA,North Carolina,St Mary's CA,St Mary's CA,North Carolina,St Mary's CA,St Mary's CA,North Carolina,St Mary's CA,St Mary's CA,North Carolina,St Mary's CA,St Mary's CA,North Carolina,St Mary's CA,St Mary's CA,North Carolina,St Mary's CA,St Mary's CA,North Carolina,Grand Canyon,Grand Canyon,Michigan St,Grand Canyon,Grand Canyon,North Carolina,Alabama,Alabama,North Carolina,St Mary's CA,North Carolina,Michigan St,Col Charleston,Michigan St,North Carolina,Grand Canyon,Grand Canyon,Michigan St,Grand Canyon,Grand Canyon,North Carolina,Alabama,Alabama,North Carolina,St Mary's CA,North Carolina,Michigan St,Col Charleston,Michigan St,North Carolina,Alabama,North Carolina,North Carolina,Alabama,North Carolina,North Carolina,St Mary's CA,St Mary's CA,North Carolina,St Mary's CA,St Mary's CA,North Carolina,St Mary's CA,St Mary's CA,North Carolina,St Mary's CA,St Mary's CA,North Carolina,St Mary's CA,St Mary's CA,North Carolina,St Mary's CA,St Mary's CA
R3X2,Nevada,New Mexico,New Mexico,Arizona,New Mexico,New Mexico,Nevada,New Mexico,Nevada,Nevada,New Mexico,New Mexico,Nevada,New Mexico,New Mexico,Nevada,New Mexico,Nevada,Nevada,New Mexico,New Mexico,Arizona,Clemson,Clemson,Arizona,New Mexico,Arizona,Nevada,Baylor,Baylor,Arizona,Baylor,Baylor,Arizona,New Mexico,Arizona,Arizona,Clemson,Clemson,Arizona,New Mexico,Arizona,Nevada,Baylor,Baylor,Arizona,Baylor,Baylor,Arizona,New Mexico,Arizona,Arizona,New Mexico,Arizona,Arizona,New Mexico,Arizona,Arizona,New Mexico,New Mexico,Nevada,New Mexico,Nevada,Nevada,New Mexico,New Mexico,Nevada,New Mexico,New Mexico,Nevada,New Mexico,Nevada,Nevada,New Mexico,New Mexico
R3Y1,Purdue,McNeese St,McNeese St,Montana St,McNeese St,McNeese St,Purdue,McNeese St,McNeese St,Purdue,McNeese St,McNeese St,Purdue,McNeese St,McNeese St,Purdue,McNeese St,McNeese St,Purdue,McNeese St,McNeese St,TCU,McNeese St,McNeese St,Purdue,McNeese St,Purdue,TCU,McNeese St,McNeese St,TCU,McNeese St,McNeese St,Purdue,McNeese St,Purdue,TCU,McNeese St,McNeese St,Purdue,McNeese St,Purdue,TCU,McNeese St,McNeese St,TCU,McNeese St,McNeese St,Purdue,McNeese St,Purdue,Purdue,McNeese St,Purdue,Purdue,McNeese St,Purdue,Montana St,McNeese St,McNeese St,Purdue,McNeese St,McNeese St,Purdue,McNeese St,McNeese St,Purdue,McNeese St,McNeese St,Purdue,McNeese St,McNeese St,Purdue,McNeese St,McNeese St
R3Y2,Tennessee,Akron,Tennessee,Tennessee,Oregon,Tennessee,Tennessee,Akron,Tennessee,Tennessee,Akron,Tennessee,Tennessee,Akron,Tennessee,Tennessee,South Carolina,Tennessee,Virginia,Akron,Virginia,Virginia,Oregon,Oregon,Tennessee,Akron,Tennessee,St Peter's,South Carolina,St Peter's,Virginia,Akron,Akron,Virginia,Creighton,Creighton,Virginia,Oregon,Oregon,Tennessee,Akron,Tennessee,St Peter's,South Carolina,St Peter's,Virginia,Akron,Akron,Virginia,Creighton,Creighton,Virginia,South Carolina,South Carolina,Virginia,South Carolina,South Carolina,Tennessee,Oregon,Tennessee,Tennessee,Akron,Tennessee,Tennessee,Akron,Tennessee,Tennessee,Akron,Tennessee,Tennessee,South Carolina,Tennessee,Virginia,Akron,Virginia
R3Z1,Houston,James Madison,James Madison,Houston,James Madison,Houston,Longwood,James Madison,James Madison,Houston,James Madison,James Madison,Houston,James Madison,Houston,Houston,James Madison,James Madison,Houston,James Madison,James Madison,Longwood,James Madison,James Madison,Longwood,James Madison,James Madison,Houston,James Madison,James Madison,Houston,James Madison,James Madison,Houston,James Madison,James Madison,Longwood,James Madison,James Madison,Longwood,James Madison,James Madison,Houston,James Madison,James Madison,Houston,James Madison,James Madison,Houston,James Madison,James Madison,Houston,James Madison,James Madison,Houston,James Madison,James Madison,Houston,James Madison,Houston,Longwood,James Madison,James Madison,Houston,James Madison,James Madison,Houston,James Madison,Houston,Houston,James Madison,James Madison,Houston,James Madison,James Madison
R3Z2,Colorado,Oakland,Colorado,Florida,Oakland,Oakland,Florida,Oakland,Florida,Colorado,Oakland,Colorado,Colorado,Oakland,Colorado,Colorado,Oakland,Colorado,Boise St,Oakland,Boise St,Colorado,Oakland,Colorado,Florida,NC State,Florida,Florida,Texas Tech,Florida,Florida,NC State,Florida,Colorado,Oakland,Colorado,Colorado,Oakland,Colorado,Florida,NC State,Florida,Florida,Texas Tech,Florida,Florida,NC State,Florida,Colorado,Oakland,Colorado,WKU,Oakland,WKU,WKU,Oakland,WKU,Florida,Oakland,Oakland,Florida,Oakland,Florida,Colorado,Oakland,Colorado,Colorado,Oakland,Colorado,Colorado,Oakland,Colorado,Boise St,Oakland,Boise St
R4W1,FL Atlantic,Illinois,Illinois,San Diego St,S Dakota St,S Dakota St,Connecticut,Washington St,Connecticut,FL Atlantic,Illinois,Illinois,FL Atlantic,Illinois,Illinois,FL Atlantic,S Dakota St,S Dakota St,FL Atlantic,S Dakota St,FL Atlantic,Auburn,Drake,Auburn,Auburn,BYU,Auburn,Auburn,Washington St,Auburn,Auburn,Illinois,Auburn,Auburn,BYU,Auburn,Auburn,Drake,Auburn,Auburn,BYU,Auburn,Auburn,Washington St,Auburn,Auburn,Illinois,Auburn,Auburn,BYU,Auburn,Auburn,Illinois,Illinois,Auburn,Illinois,Illinois,San Diego St,S Dakota St,S Dakota St,Connecticut,Washington St,Connecticut,FL Atlantic,Illinois,Illinois,FL Atlantic,Illinois,Illinois,FL Atlantic,S Dakota St,S Dakota St,FL Atlantic,S Dakota St,FL Atlantic
R4X1,St Mary's CA,New Mexico,St Mary's CA,St Mary's CA,New Mexico,New Mexico,St Mary's CA,Nevada,St Mary's CA,St Mary's CA,New Mexico,St Mary's CA,St Mary's CA,New Mexico,St Mary's CA,St Mary's CA,Nevada,St Mary's CA,St Mary's CA,New Mexico,New Mexico,Grand Canyon,Clemson,Grand Canyon,Grand Canyon,Arizona,Arizona,Alabama,Baylor,Baylor,North Carolina,Baylor,North Carolina,Michigan St,Arizona,Arizona,Grand Canyon,Clemson,Grand Canyon,Grand Canyon,Arizona,Arizona,Alabama,Baylor,Baylor,North Carolina,Baylor,North Carolina,Michigan St,Arizona,Arizona,North Carolina,Arizona,Arizona,North Carolina,Arizona,Arizona,St Mary's CA,New Mexico,New Mexico,St Mary's CA,Nevada,St Mary's CA,St Mary's CA,New Mexico,St Mary's CA,St Mary's CA,New Mexico,St Mary's CA,St Mary's CA,Nevada,St Mary's CA,St Mary's CA,New Mexico,New Mexico
R4Y1,McNeese St,Tennessee,Tennessee,McNeese St,Tennessee,Tennessee,McNeese St,Tennessee,Tennessee,McNeese St,Tennessee,Tennessee,McNeese St,Tennessee,Tennessee,McNeese St,Tennessee,Tennessee,McNeese St,Virginia,McNeese St,McNeese St,Oregon,McNeese St,Purdue,Tennessee,Purdue,McNeese St,St Peter's,St Peter's,McNeese St,Akron,Akron,Purdue,Creighton,Purdue,McNeese St,Oregon,McNeese St,Purdue,Tennessee,Purdue,McNeese St,St Peter's,St Peter's,McNeese St,Akron,Akron,Purdue,Creighton,Purdue,Purdue,South Carolina,South Carolina,Purdue,South Carolina,South Carolina,McNeese St,Tennessee,Tennessee,McNeese St,Tennessee,Tennessee,McNeese St,Tennessee,Tennessee,McNeese St,Tennessee,Tennessee,McNeese St,Tennessee,Tennessee,McNeese St,Virginia,McNeese St
R4Z1,James Madison,Colorado,Colorado,Houston,Oakland,Houston,James Madison,Florida,James Madison,James Madison,Colorado,Colorado,Houston,Colorado,Houston,James Madison,Colorado,Colorado,James Madison,Boise St,Boise St,James Madison,Colorado,Colorado,James Madison,Florida,James Madison,James Madison,Florida,Florida,James Madison,Florida,James Madison,James Madison,Colorado,James Madison,James Madison,Colorado,Colorado,James Madison,Florida,James Madison,James Madison,Florida,Florida,James Madison,Florida,James Madison,James Madison,Colorado,James Madison,James Madison,WKU,James Madison,James Madison,WKU,James Madison,Houston,Oakland,Houston,James Madison,Florida,James Madison,James Madison,Colorado,Colorado,Houston,Colorado,Houston,James Madison,Colorado,Colorado,James Madison,Boise St,Boise St
R5WX,Illinois,St Mary's CA,St Mary's CA,S Dakota St,New Mexico,New Mexico,Connecticut,St Mary's CA,St Mary's CA,Illinois,St Mary's CA,St Mary's CA,Illinois,St Mary's CA,St Mary's CA,S Dakota St,St Mary's CA,St Mary's CA,FL Atlantic,New Mexico,FL Atlantic,Auburn,Grand Canyon,Auburn,Auburn,Arizona,Arizona,Auburn,Baylor,Baylor,Auburn,North Carolina,Auburn,Auburn,Arizona,Arizona,Auburn,Grand Canyon,Auburn,Auburn,Arizona,Arizona,Auburn,Baylor,Baylor,Auburn,North Carolina,Auburn,Auburn,Arizona,Arizona,Illinois,Arizona,Arizona,Illinois,Arizona,Arizona,S Dakota St,New Mexico,New Mexico,Connecticut,St Mary's CA,St Mary's CA,Illinois,St Mary's CA,St Mary's CA,Illinois,St Mary's CA,St Mary's CA,S Dakota St,St Mary's CA,St Mary's CA,FL Atlantic,New Mexico,FL Atlantic
R5YZ,Tennessee,Colorado,Tennessee,Tennessee,Houston,Tennessee,Tennessee,James Madison,Tennessee,Tennessee,Colorado,Tennessee,Tennessee,Houston,Tennessee,Tennessee,Colorado,Tennessee,McNeese St,Boise St,Boise St,McNeese St,Colorado,Colorado,Purdue,James Madison,Purdue,St Peter's,Florida,St Peter's,Akron,James Madison,James Madison,Purdue,James Madison,Purdue,McNeese St,Colorado,Colorado,Purdue,James Madison,Purdue,St Peter's,Florida,St Peter's,Akron,James Madison,James Madison,Purdue,James Madison,Purdue,South Carolina,James Madison,James Madison,South Carolina,James Madison,James Madison,Tennessee,Houston,Tennessee,Tennessee,James Madison,Tennessee,Tennessee,Colorado,Tennessee,Tennessee,Houston,Tennessee,Tennessee,Colorado,Tennessee,McNeese St,Boise St,Boise St
R6CH,St Mary's CA,Tennessee,Tennessee,New Mexico,Tennessee,New Mexico,St Mary's CA,Tennessee,St Mary's CA,St Mary's CA,Tennessee,Tennessee,St Mary's CA,Tennessee,Tennessee,St Mary's CA,Tennessee,St Mary's CA,FL Atlantic,Boise St,Boise St,Auburn,Colorado,Auburn,Arizona,Purdue,Purdue,Baylor,St Peter's,St Peter's,Auburn,James Madison,James Madison,Arizona,Purdue,Purdue,Auburn,Colorado,Auburn,Arizona,Purdue,Purdue,Baylor,St Peter's,St Peter's,Auburn,James Madison,James Madison,Arizona,Purdue,Purdue,Arizona,James Madison,James Madison,Arizona,James Madison,James Madison,New Mexico,Tennessee,New Mexico,St Mary's CA,Tennessee,St Mary's CA,St Mary's CA,Tennessee,Tennessee,St Mary's CA,Tennessee,Tennessee,St Mary's CA,Tennessee,St Mary's CA,FL Atlantic,Boise St,Boise St
